LOTE 1,4245
LOTE 1,4262
LOTE 1,4533
LOTE 2,4220
LOTE 2,4396
LOTE 2,4502
LOTE 3,4202
LOTE 3,4255
LOTE 3,4435
LOTE 4,4216
LOTE 4,4239
LOTE 4,4291
LOTE 5,4201
LOTE 5,4261
LOTE 5,4347
LOTE 6,4376
LOTE 6,4377
LOTE 6,4582
LOTE 7,4267
LOTE 7,4284
LOTE 7,4460
LOTE 8,4209
LOTE 8,4285
LOTE 8,4517
LOTE 9,4230
LOTE 9,4324
LOTE 9,4526
LOTE 10,4215
LOTE 10,4232
LOTE 10,4390
LOTE 11,4260
LOTE 11,4303
LOTE 11,4451
LOTE 12,4223
LOTE 12,4266
LOTE 12,4523
LOTE 13,4384
LOTE 13,4444
LOTE 13,4463
LOTE 14,4381
LOTE 14,4565
LOTE 14,4577
LOTE 15,4199
LOTE 15,4318
LOTE 15,4575
LOTE 16,4228
LOTE 16,4279
LOTE 16,4520
LOTE 17,4440
LOTE 17,4456
LOTE 17,4558
LOTE 18,4240
LOTE 18,4287
LOTE 18,4552
LOTE 19,4222
LOTE 19,4525
LOTE 19,3939
LOTE 20,4247
LOTE 20,4402
LOTE 20,3921
LOTE 21,4204
LOTE 21,4274
LOTE 21,9705
LOTE 22,4265
LOTE 22,4282
LOTE 22,4419
LOTE 23,4330
LOTE 23,4481
LOTE 23,4546